wrong,right,code,iso,region,Landarea,iso2,Population,PopulationGroup
Guinea Bissau,Guinea-Bissau,624,GNB,Sub-Saharan Africa,28120,GW,1704255,1-4.99
Afghanistan,Afghanistan,4,AFG,South Asia,652860,AF,30551674,10-35.99
Albania,Albania,8,ALB,Eastern Europe and Central Asia,27400,AL,2897366,1-4.99
Algeria,Algeria,12,DZA,Middle East and North Africa,2381740,DZ,39208194,35+
American Samoa,American Samoa,16,ASM,East Asia and the Pacific,200,AS,55165,0-0.99
Andorra,Andorra,20,AND,Europe,470,AD,79218,0-0.99
Angola,Angola,24,AGO,Sub-Saharan Africa,1246700,AO,21471618,10-35.99
Republic of Angola,Angola,24,AGO,Sub-Saharan Africa,1246700,AO,21471618,10-35.99
Anguilla,Anguilla,660,AIA,Latin America and Caribbean,91,AI,11430,0-0.99
Antigua and Barbuda,Antigua and Barbuda,28,ATG,Latin America and Caribbean,440,AG,89985,0-0.99
Antigua & Barbuda,Antigua and Barbuda,28,ATG,Latin America and Caribbean,440,AG,89985,0-0.99
Argentina,Argentina,32,ARG,Latin America and Caribbean,2736690,AR,41446246,35+
Argentina Republic,Argentina,32,ARG,Latin America and Caribbean,2736690,AR,41446246,35+
Armenia,Armenia,51,ARM,Eastern Europe and Central Asia,28470,AM,2976566,1-4.99
Aruba,Aruba,533,ABW,Latin America and Caribbean,180,AW,102911,0-0.99
Australia,Australia,36,AUS,East Asia and the Pacific,7682300,AU,23129300,10-35.99
AustraliaNew Zealand,Australia,36,AUS,East Asia and the Pacific,7682300,AU,23129300,10-35.99
Austria,Austria,40,AUT,Europe,82409,AT,8479823,5-9.99
Azerbaijan,Azerbaijan,31,AZE,Eastern Europe and Central Asia,82658,AZ,9416801,5-9.99
Bahrain,Bahrain,48,BHR,Middle East and North Africa,760,BH,1332171,1-4.99
Bangladesh,Bangladesh,50,BGD,South Asia,130170,BD,156594962,35+
Barbados,Barbados,52,BRB,Latin America and Caribbean,430,BB,284644,0-0.99
Belarus,Belarus,112,BLR,Eastern Europe and Central Asia,202910,BY,9466000,5-9.99
Belgium,Belgium,56,BEL,Europe,30280,BE,11182817,10-35.99
belgium,Belgium,56,BEL,Europe,30280,BE,11182817,10-35.99
Belize,Belize,84,BLZ,Latin America and Caribbean,22810,BZ,331900,0-0.99
Benin,Benin,204,BEN,Sub-Saharan Africa,112760,BJ,10323474,10-35.99
Bermuda,Bermuda,60,BMU,North America,50,BM,65024,0-0.99
Bhutan,Bhutan,64,BTN,South Asia,38117,BT,753947,0-0.99
Bolivia,Bolivia,68,BOL,Latin America and Caribbean,1083300,BO,10671200,10-35.99
Bolivia (Plurinational State of),Bolivia,68,BOL,Latin America and Caribbean,1083300,BO,10671200,10-35.99
Bosnia and Herzegovina,Bosnia and Herzegovina,70,BIH,Eastern Europe and Central Asia,51000,BA,3829307,1-4.99
Bosnia & Herzegovina,Bosnia and Herzegovina,70,BIH,Eastern Europe and Central Asia,51000,BA,3829307,1-4.99
Bosnia-Herzegovina,Bosnia and Herzegovina,70,BIH,Eastern Europe and Central Asia,51000,BA,3829307,1-4.99
Botswana,Botswana,72,BWA,Sub-Saharan Africa,566730,BW,2021144,1-4.99
Brazil,Brazil,76,BRA,Latin America and Caribbean,8358140,BR,200361925,35+
British Virgin Islands,British Virgin Islands,92,VGB,Latin America and Caribbean,151,VG,20647,0-0.99
"Virgin Islands, British",British Virgin Islands,92,VGB,Latin America and Caribbean,151,VG,20647,0-0.99
Brunei Darussalam,Brunei Darussalam,96,BRN,East Asia and the Pacific,5270,BN,417784,0-0.99
Brunei,Brunei Darussalam,96,BRN,East Asia and the Pacific,5270,BN,417784,0-0.99
Bulgaria,Bulgaria,100,BGR,Europe,108560,BG,7265115,5-9.99
Burkina Faso,Burkina Faso,854,BFA,Sub-Saharan Africa,273600,BF,16934839,10-35.99
Burkino Faso,Burkina Faso,854,BFA,Sub-Saharan Africa,273600,BF,16934839,10-35.99
Burundi,Burundi,108,BDI,Sub-Saharan Africa,25680,BI,10162532,10-35.99
Cambodia,Cambodia,116,KHM,East Asia and the Pacific,176520,KH,15135169,10-35.99
Cameroon,Cameroon,120,CMR,Sub-Saharan Africa,472710,CM,22253959,10-35.99
Canada,Canada,124,CAN,North America,9093510,CA,35154279,35+
Cape Verde,Cape Verde,132,CPV,Sub-Saharan Africa,4030,CV,498897,0-0.99
Cabo Verde,Cape Verde,132,CPV,Sub-Saharan Africa,4030,CV,498897,0-0.99
Cayman Islands,Cayman Islands,136,CYM,Latin America and Caribbean,240,KY,58435,0-0.99
Central African Republic,Central African Republic,140,CAF,Sub-Saharan Africa,622980,CF,4616417,1-4.99
Chad,Chad,148,TCD,Sub-Saharan Africa,1259200,TD,12825314,10-35.99
Chile,Chile,152,CHL,Latin America and Caribbean,743532,CL,17619708,10-35.99
China mainland,China,156,CHN,East Asia and the Pacific,9388211,CN,1357380000,35+
China,China,156,CHN,East Asia and the Pacific,9388211,CN,1357380000,35+
Peoples Rep of China,China,156,CHN,East Asia and the Pacific,9388211,CN,1357380000,35+
"China, mainland",China,156,CHN,East Asia and the Pacific,9388211,CN,1357380000,35+
China (Peoples Republic of),China,156,CHN,East Asia and the Pacific,9388211,CN,1357380000,35+
Colombia,Colombia,170,COL,Latin America and Caribbean,1109500,CO,48321405,35+
Comoros,Comoros,174,COM,Sub-Saharan Africa,1861,KM,734917,0-0.99
Congo,Congo,178,COG,Sub-Saharan Africa,341500,CG,4447632,1-4.99
"Congo, Rep.",Congo,178,COG,Sub-Saharan Africa,341500,CG,4447632,1-4.99
"Congo, Rep",Congo,178,COG,Sub-Saharan Africa,341500,CG,4447632,1-4.99
Republic of Congo,Congo,178,COG,Sub-Saharan Africa,341500,CG,4447632,1-4.99
Rpublique du Congo,Congo,178,COG,Sub-Saharan Africa,341500,CG,4447632,1-4.99
Congo; Republic of the,Congo,178,COG,Sub-Saharan Africa,341500,CG,4447632,1-4.99
Congo (Brazzaville),Congo,178,COG,Sub-Saharan Africa,341500,CG,4447632,1-4.99
Cook Islands,Cook Islands,184,COK,East Asia and the Pacific,236,CK,19342,0-0.99
Costa Rica,Costa Rica,188,CRI,Latin America and Caribbean,51060,CR,4872166,1-4.99
costa-rica,Costa Rica,188,CRI,Latin America and Caribbean,51060,CR,4872166,1-4.99
Costa-Rica,Costa Rica,188,CRI,Latin America and Caribbean,51060,CR,4872166,1-4.99
Cote d'Ivoire,Cote d'Ivoire,384,CIV,Sub-Saharan Africa,318000,CI,20316086,10-35.99
Cte dIvoire,Cote d'Ivoire,384,CIV,Sub-Saharan Africa,318000,CI,20316086,10-35.99
Cote dIvoire,Cote d'Ivoire,384,CIV,Sub-Saharan Africa,318000,CI,20316086,10-35.99
Ivory Coast,Cote d'Ivoire,384,CIV,Sub-Saharan Africa,318000,CI,20316086,10-35.99
Cote dIvoire (IvoryCoast),Cote d'Ivoire,384,CIV,Sub-Saharan Africa,318000,CI,20316086,10-35.99
CÅÊÌÏå¢te d'Ivoire,Cote d'Ivoire,384,CIV,Sub-Saharan Africa,318000,CI,20316086,10-35.99
Croatia,Croatia,191,HRV,Eastern Europe and Central Asia,55960,HR,4255700,1-4.99
Cuba,Cuba,192,CUB,Latin America and Caribbean,106440,CU,11265629,10-35.99
Curacao,Curacao,531,CUW,Latin America and Caribbean,444,CW,153817,0-0.99
Curaao,Curacao,531,CUW,Latin America and Caribbean,444,CW,153817,0-0.99
Cyprus,Cyprus,196,CYP,Europe,9240,CY,1141166,1-4.99
Czech Republic,Czech Republic,203,CZE,Europe,77230,CZ,10514272,10-35.99
Czech Republic,Czech Republic,203,CZE,Europe,77230,CZ,10514272,10-35.99
Czechoslovakia,Czech Republic,203,CZE,Europe,77230,CZ,10514272,10-35.99
Dem. Rep. Congo,Dem. Rep. Congo,180,COD,Sub-Saharan Africa,2267050,CD,67513677,35+
"Congo, Dem. Rep.",Dem. Rep. Congo,180,COD,Sub-Saharan Africa,2267050,CD,67513677,35+
Democratic Republic of the Congo,Dem. Rep. Congo,180,COD,Sub-Saharan Africa,2267050,CD,67513677,35+
Dem Rep of Congo,Dem. Rep. Congo,180,COD,Sub-Saharan Africa,2267050,CD,67513677,35+
"Congo, Dem Rep",Dem. Rep. Congo,180,COD,Sub-Saharan Africa,2267050,CD,67513677,35+
"Congo, DemRep",Dem. Rep. Congo,180,COD,Sub-Saharan Africa,2267050,CD,67513677,35+
"Congo, Democratic Republic",Dem. Rep. Congo,180,COD,Sub-Saharan Africa,2267050,CD,67513677,35+
Congo; Democratic Republic of the (Formerly Zaire),Dem. Rep. Congo,180,COD,Sub-Saharan Africa,2267050,CD,67513677,35+
Congo (Kinshasa),Dem. Rep. Congo,180,COD,Sub-Saharan Africa,2267050,CD,67513677,35+
Democratic Republic of Congo,Dem. Rep. Congo,180,COD,Sub-Saharan Africa,2267050,CD,67513677,35+
Denmark,Denmark,208,DNK,Europe,42430,DK,5614932,5-9.99
Djibouti,Djibouti,262,DJI,Sub-Saharan Africa,23180,DJ,872932,0-0.99
Dominica,Dominica,212,DMA,Latin America and Caribbean,750,DM,72003,0-0.99
Commonwealth of Dominica,Dominica,212,DMA,Latin America and Caribbean,750,DM,72003,0-0.99
Dominican Republic,Dominican Republic,214,DOM,Latin America and Caribbean,48320,DO,10403761,10-35.99
Ecuador,Ecuador,218,ECU,Latin America and Caribbean,248360,EC,15737878,10-35.99
Equador,Ecuador,218,ECU,Latin America and Caribbean,248360,EC,15737878,10-35.99
Egypt,Egypt,818,EGY,Middle East and North Africa,995450,EG,82056378,35+
"Egypt, Arab Rep.",Egypt,818,EGY,Middle East and North Africa,995450,EG,82056378,35+
"Egypt, Arab Rep",Egypt,818,EGY,Middle East and North Africa,995450,EG,82056378,35+
El Salvador,El Salvador,222,SLV,Latin America and Caribbean,20720,SV,6340454,5-9.99
Equatorial Guinea,Equatorial Guinea,226,GNQ,Sub-Saharan Africa,28050,GQ,757014,0-0.99
Eritrea,Eritrea,232,ERI,Sub-Saharan Africa,101000,ER,6333135,5-9.99
Estonia,Estonia,233,EST,Europe,42390,EE,1317997,1-4.99
Ethiopia,Ethiopia,231,ETH,Sub-Saharan Africa,1e+06,ET,94100756,35+
Ethiopia PDR,Ethiopia,231,ETH,Sub-Saharan Africa,1e+06,ET,94100756,35+
European Union,European Union,,"","",,"",,""
Faeroe Islands,Faeroe Islands,234,FRO,Europe,1396,FO,49469,0-0.99
Faroe Islands,Faeroe Islands,234,FRO,Europe,1396,FO,49469,0-0.99
Falkland Islands,Falkland Islands,238,FLK,Latin America and Caribbean,12173,FK,2955,0-0.99
Falkland Islands (Malvinas),Falkland Islands,238,FLK,Latin America and Caribbean,12173,FK,2955,0-0.99
Falkland Islands [Islas Malvinas],Falkland Islands,238,FLK,Latin America and Caribbean,12173,FK,2955,0-0.99
Falkland Islands (Islas Malvinas),Falkland Islands,238,FLK,Latin America and Caribbean,12173,FK,2955,0-0.99
Fiji,Fiji,242,FJI,East Asia and the Pacific,18270,FJ,881065,0-0.99
Finland,Finland,246,FIN,Europe,303890,FI,5438972,5-9.99
France,France,250,FRA,Europe,547561,FR,65939866,35+
france,France,250,FRA,Europe,547561,FR,65939866,35+
French Guiana,French Guiana,254,GUF,Latin America and Caribbean,83534,GF,231167,0-0.99
French Guyana,French Guiana,254,GUF,Latin America and Caribbean,83534,GF,231167,0-0.99
French Polynesia,French Polynesia,258,PYF,East Asia and the Pacific,3660,PF,276831,0-0.99
Gabon,Gabon,266,GAB,Sub-Saharan Africa,257670,GA,1671711,1-4.99
Gambia; The,The Gambia,270,GMB,Sub-Saharan Africa,10120,GM,1849285,1-4.99
Georgia,Georgia,268,GEO,Eastern Europe and Central Asia,69490,GE,4487200,1-4.99
Germany,Germany,276,DEU,Europe,348540,DE,80651873,35+
germany,Germany,276,DEU,Europe,348540,DE,80651873,35+
Ghana,Ghana,288,GHA,Sub-Saharan Africa,227540,GH,25904598,10-35.99
Gibraltar,Gibraltar,292,GIB,Europe,6,GI,321167,0-0.99
Greece,Greece,300,GRC,Europe,128900,GR,11027549,10-35.99
Greenland,Greenland,304,GRL,North America,410450,GL,56483,0-0.99
Grenada,Grenada,308,GRD,Latin America and Caribbean,340,GD,105897,0-0.99
Guadeloupe,Guadeloupe,312,GLP,Latin America and Caribbean,1705,GP,27495,0-0.99
Guam,Guam,316,GUM,East Asia and the Pacific,540,GU,165124,0-0.99
Guatemala,Guatemala,320,GTM,Latin America and Caribbean,107160,GT,15468203,10-35.99
Guatamala,Guatemala,320,GTM,Latin America and Caribbean,107160,GT,15468203,10-35.99
Guinea,Guinea,324,GIN,Sub-Saharan Africa,245720,GN,11745189,10-35.99
Guinea; Republic of,Guinea,324,GIN,Sub-Saharan Africa,245720,GN,11745189,10-35.99
Guinea-Bissau,Guinea-Bissau,624,GNB,Sub-Saharan Africa,28120,GW,1704255,1-4.99
Guyana,Guyana,328,GUY,Latin America and Caribbean,196850,GY,799613,0-0.99
Haiti,Haiti,332,HTI,Latin America and Caribbean,27560,HT,10317461,10-35.99
Holy See,Holy See,336,VAT,Europe,0,VA,409905,0-0.99
Holy See (Vatican),Holy See,336,VAT,Europe,0,VA,409905,0-0.99
Vatican City,Holy See,336,VAT,Europe,0,VA,409905,0-0.99
Honduras,Honduras,340,HND,Latin America and Caribbean,111890,HN,8097688,5-9.99
Hong Kong,Hong Kong,344,HKG,East Asia and the Pacific,1050,HK,7187500,5-9.99
"Hong Kong SAR, China",Hong Kong,344,HKG,East Asia and the Pacific,1050,HK,7187500,5-9.99
"China, Hong Kong SAR",Hong Kong,344,HKG,East Asia and the Pacific,1050,HK,7187500,5-9.99
"Hong Kong, China",Hong Kong,344,HKG,East Asia and the Pacific,1050,HK,7187500,5-9.99
"China, Hong Kong Special Administrative Region",Hong Kong,344,HKG,East Asia and the Pacific,1050,HK,7187500,5-9.99
Hungary,Hungary,348,HUN,Europe,90530,HU,9893899,5-9.99
Iceland,Iceland,352,ISL,Europe,100250,IS,323764,0-0.99
India,India,356,IND,South Asia,2973190,IN,1252139596,35+
Indonesia,Indonesia,360,IDN,East Asia and the Pacific,1811570,ID,249865631,35+
Iran,Iran,364,IRN,Middle East and North Africa,1628550,IR,77447168,35+
"Iran, Islamic Rep.",Iran,364,IRN,Middle East and North Africa,1628550,IR,77447168,35+
Iran (Islamic Republic of),Iran,364,IRN,Middle East and North Africa,1628550,IR,77447168,35+
Islamic Rep of Iran,Iran,364,IRN,Middle East and North Africa,1628550,IR,77447168,35+
"Iran, Islamic Rep",Iran,364,IRN,Middle East and North Africa,1628550,IR,77447168,35+
Iraq,Iraq,368,IRQ,Middle East and North Africa,434320,IQ,33417476,10-35.99
Ireland,Ireland,372,IRL,Europe,68890,IE,4597558,1-4.99
Ireland; Republic of,Ireland,372,IRL,Europe,68890,IE,4597558,1-4.99
Isle of Man,Isle of Man,833,IMN,Europe,570,IM,85888,0-0.99
Israel,Israel,376,ISR,Middle East and North Africa,21640,IL,8059500,5-9.99
Italy,Italy,380,ITA,Europe,294140,IT,60233948,35+
Jamaica,Jamaica,388,JAM,Latin America and Caribbean,10830,JM,2714734,1-4.99
Japan,Japan,392,JPN,East Asia and the Pacific,364560,JP,127338621,35+
Jordan,Jordan,400,JOR,Middle East and North Africa,88780,JO,6460000,5-9.99
Kazakhstan,Kazakhstan,398,KAZ,Eastern Europe and Central Asia,2699700,KZ,17035275,10-35.99
Kenya,Kenya,404,KEN,Sub-Saharan Africa,569140,KE,44353691,35+
Kiribati,Kiribati,296,KIR,East Asia and the Pacific,810,KI,102351,0-0.99
Kosovo,Kosovo,383,XKX,Eastern Europe and Central Asia,10887,XK,1816200,""
Kuwait,Kuwait,414,KWT,Middle East and North Africa,17820,KW,3368572,1-4.99
Kyrgyz Republic,Kyrgyz Republic,417,KGZ,Eastern Europe and Central Asia,191800,KG,5719600,5-9.99
Kyrgyzstan,Kyrgyz Republic,417,KGZ,Eastern Europe and Central Asia,191800,KG,5719600,5-9.99
Kyrgyz Republic,Kyrgyz Republic,417,KGZ,Eastern Europe and Central Asia,191800,KG,5719600,5-9.99
Laos,Laos,418,LAO,East Asia and the Pacific,230800,LA,6769727,5-9.99
Lao PDR,Laos,418,LAO,East Asia and the Pacific,230800,LA,6769727,5-9.99
Lao Peoples Democratic Republic,Laos,418,LAO,East Asia and the Pacific,230800,LA,6769727,5-9.99
Lao People's Democratic Republic,Laos,418,LAO,East Asia and the Pacific,230800,LA,6769727,5-9.99
Latvia,Latvia,428,LVA,Europe,62180,LV,2012647,1-4.99
Lebanon,Lebanon,422,LBN,Middle East and North Africa,10230,LB,4467390,1-4.99
Lesotho,Lesotho,426,LSO,Sub-Saharan Africa,30360,LS,2074465,1-4.99
Liberia,Liberia,430,LBR,Sub-Saharan Africa,96320,LR,4294077,1-4.99
Libya,Libya,434,LBY,Middle East and North Africa,1759540,LY,6201521,5-9.99
Libyan Arab Jamahiriya,Libya,434,LBY,Middle East and North Africa,1759540,LY,6201521,5-9.99
Liechtenstein,Liechtenstein,438,LIE,Europe,160,LI,36925,0-0.99
Lithuania,Lithuania,440,LTU,Europe,62674,LT,2957689,1-4.99
Luxembourg,Luxembourg,442,LUX,Europe,2590,LU,543360,0-0.99
Macao,Macao,446,MAC,East Asia and the Pacific,29.9,MO,566375,0-0.99
"Macao SAR, China",Macao,446,MAC,East Asia and the Pacific,29.9,MO,566375,0-0.99
"China, Macao SAR",Macao,446,MAC,East Asia and the Pacific,29.9,MO,566375,0-0.99
Macau,Macao,446,MAC,East Asia and the Pacific,29.9,MO,566375,0-0.99
"Macau, China",Macao,446,MAC,East Asia and the Pacific,29.9,MO,566375,0-0.99
Macedonia,Macedonia,807,MKD,Eastern Europe and Central Asia,25220,MK,2107158,1-4.99
"Macedonia, FYR",Macedonia,807,MKD,Eastern Europe and Central Asia,25220,MK,2107158,1-4.99
TFYR Macedonia,Macedonia,807,MKD,Eastern Europe and Central Asia,25220,MK,2107158,1-4.99
FYR of Macedonia,Macedonia,807,MKD,Eastern Europe and Central Asia,25220,MK,2107158,1-4.99
The former Yugoslav Republic of Macedonia,Macedonia,807,MKD,Eastern Europe and Central Asia,25220,MK,2107158,1-4.99
The former Yugoslav republic of Macedonia,Macedonia,807,MKD,Eastern Europe and Central Asia,25220,MK,2107158,1-4.99
"Macedonia, FYR",Macedonia,807,MKD,Eastern Europe and Central Asia,25220,MK,2107158,1-4.99
"Former Yugoslav Republic of Macedonia, the",Macedonia,807,MKD,Eastern Europe and Central Asia,25220,MK,2107158,1-4.99
Madagascar,Madagascar,450,MDG,Sub-Saharan Africa,581795,MG,22924851,10-35.99
Malawi,Malawi,454,MWI,Sub-Saharan Africa,94280,MW,16362567,10-35.99
Malaysia,Malaysia,458,MYS,East Asia and the Pacific,328550,MY,29716965,10-35.99
Maldives,Maldives,462,MDV,South Asia,300,MV,345023,0-0.99
Mali,Mali,466,MLI,Sub-Saharan Africa,1220190,ML,15301650,10-35.99
Malta,Malta,470,MLT,Europe,320,MT,423374,0-0.99
Marshall Islands,Marshall Islands,584,MHL,East Asia and the Pacific,180,MH,52634,0-0.99
Republic of Marshall Islands,Marshall Islands,584,MHL,East Asia and the Pacific,180,MH,52634,0-0.99
Martinique,Martinique,474,MTQ,Latin America and Caribbean,1128,MQ,798,0-0.99
Mauritania,Mauritania,478,MRT,Sub-Saharan Africa,1030700,MR,3889880,1-4.99
Mauritius,Mauritius,480,MUS,Sub-Saharan Africa,2030,MU,1258653,1-4.99
Mayotte,Mayotte,175,MYT,Sub-Saharan Africa,374,YT,400535,0-0.99
Mexico,Mexico,484,MEX,Latin America and Caribbean,1943950,MX,122332399,35+
Micronesia,Micronesia,583,FSM,East Asia and the Pacific,700,FM,103549,0-0.99
"Micronesia, Fed. Sts.",Micronesia,583,FSM,East Asia and the Pacific,700,FM,103549,0-0.99
Micronesia (Fed States of),Micronesia,583,FSM,East Asia and the Pacific,700,FM,103549,0-0.99
"Micronesia, Fed Sts",Micronesia,583,FSM,East Asia and the Pacific,700,FM,103549,0-0.99
Micronesia (Federated States of),Micronesia,583,FSM,East Asia and the Pacific,700,FM,103549,0-0.99
"Micronesia, Federated States of",Micronesia,583,FSM,East Asia and the Pacific,700,FM,103549,0-0.99
Federated State of Micronesia,Micronesia,583,FSM,East Asia and the Pacific,700,FM,103549,0-0.99
Federated States of Micronesia,Micronesia,583,FSM,East Asia and the Pacific,700,FM,103549,0-0.99
Micronesia; Federated States of,Micronesia,583,FSM,East Asia and the Pacific,700,FM,103549,0-0.99
Micronesia (federated States of),Micronesia,583,FSM,East Asia and the Pacific,700,FM,103549,0-0.99
Federal States of Micronesia,Micronesia,583,FSM,East Asia and the Pacific,700,FM,103549,0-0.99
Moldova,Moldova,498,MDA,Eastern Europe and Central Asia,32860,MD,3558566,1-4.99
Republic of Moldova,Moldova,498,MDA,Eastern Europe and Central Asia,32860,MD,3558566,1-4.99
Monaco,Monaco,492,MCO,Europe,2,MC,37831,0-0.99
Mongolia,Mongolia,496,MNG,East Asia and the Pacific,1553560,MN,2839073,1-4.99
Montenegro,Montenegro,499,MNE,Europe,13450,ME,621383,0-0.99
Montserrat,Montserrat,500,MSR,Latin America and Caribbean,103,MS,212645,0-0.99
Morocco,Morocco,504,MAR,Middle East and North Africa,446300,MA,33008150,10-35.99
Morocco (includes Western Sahara),Morocco,504,MAR,Middle East and North Africa,446300,MA,33008150,10-35.99
Mozambique,Mozambique,508,MOZ,Sub-Saharan Africa,786380,MZ,25833752,10-35.99
Myanmar,Myanmar,104,MMR,South Asia,653290,MM,53259018,35+
Burma,Myanmar,104,MMR,South Asia,653290,MM,53259018,35+
Burma (Myanmar),Myanmar,104,MMR,South Asia,653290,MM,53259018,35+
Namibia,Namibia,516,NAM,Sub-Saharan Africa,823290,"",2303315,1-4.99
Nauru,Nauru,520,NRU,East Asia and the Pacific,21,NR,4922,0-0.99
Nepal,Nepal,524,NPL,South Asia,143350,NP,27797457,10-35.99
Netherlands,Netherlands,528,NLD,Europe,33720,NL,16804432,10-35.99
Netherlands; Kingdom of the,Netherlands,528,NLD,Europe,33720,NL,16804432,10-35.99
netherlands,Netherlands,528,NLD,Europe,33720,NL,16804432,10-35.99
The Netherlands,Netherlands,528,NLD,Europe,33720,NL,16804432,10-35.99
New Caledonia,New Caledonia,540,NCL,East Asia and the Pacific,18280,NC,262000,0-0.99
New-Caledonia,New Caledonia,540,NCL,East Asia and the Pacific,18280,NC,262000,0-0.99
New Zealand,New Zealand,554,NZL,East Asia and the Pacific,263310,NZ,4442100,1-4.99
New Zealand,New Zealand,554,NZL,East Asia and the Pacific,263310,NZ,4442100,1-4.99
Nicaragua,Nicaragua,558,NIC,Latin America and Caribbean,120340,NI,6080478,5-9.99
Niger,Niger,562,NER,Sub-Saharan Africa,1266700,NE,17831270,10-35.99
Niger; Republic of,Niger,562,NER,Sub-Saharan Africa,1266700,NE,17831270,10-35.99
Nigeria,Nigeria,566,NGA,Sub-Saharan Africa,910770,NG,173615345,35+
Niue,Niue,570,NIU,East Asia and the Pacific,260,NU,10086,0-0.99
Norfolk Island,Norfolk Island,574,NFK,East Asia and the Pacific,36,NF,1625,0-0.99
North Korea,North Korea,408,PRK,East Asia and the Pacific,120410,KP,24895480,10-35.99
"Korea, Dem. Rep.",North Korea,408,PRK,East Asia and the Pacific,120410,KP,24895480,10-35.99
Democratic Peoples Republic of Korea,North Korea,408,PRK,East Asia and the Pacific,120410,KP,24895480,10-35.99
Dem Peoples Republic of Korea,North Korea,408,PRK,East Asia and the Pacific,120410,KP,24895480,10-35.99
DPR of Korea,North Korea,408,PRK,East Asia and the Pacific,120410,KP,24895480,10-35.99
"Korea, Dem Rep",North Korea,408,PRK,East Asia and the Pacific,120410,KP,24895480,10-35.99
"Korea, Dem Rep (North)",North Korea,408,PRK,East Asia and the Pacific,120410,KP,24895480,10-35.99
"Korea, Democratic Peoples Republic of",North Korea,408,PRK,East Asia and the Pacific,120410,KP,24895480,10-35.99
"Korea, Dem. People's Rep. of",North Korea,408,PRK,East Asia and the Pacific,120410,KP,24895480,10-35.99
Korea; Democratic Peoples Republic of,North Korea,408,PRK,East Asia and the Pacific,120410,KP,24895480,10-35.99
"Korea, North",North Korea,408,PRK,East Asia and the Pacific,120410,KP,24895480,10-35.99
Northern Mariana Islands,Northern Mariana Islands,580,MNP,East Asia and the Pacific,460,MP,53855,0-0.99
Norway,Norway,578,NOR,Europe,365268,NO,5080166,5-9.99
norway,Norway,578,NOR,Europe,365268,NO,5080166,5-9.99
Oman,Oman,512,OMN,Middle East and North Africa,309500,OM,3632444,1-4.99
Pakistan,Pakistan,586,PAK,South Asia,770880,PK,182142594,35+
Palau,Palau,585,PLW,East Asia and the Pacific,460,PW,20918,0-0.99
Palestine,Palestine,275,PSE,Middle East and North Africa,6020,PS,6312,0-0.99
State of Palestine,Palestine,275,PSE,Middle East and North Africa,6020,PS,6312,0-0.99
Palestinian Territories,Palestine,275,PSE,Middle East and North Africa,6020,PS,6312,0-0.99
Palestina,Palestine,275,PSE,Middle East and North Africa,6020,PS,6312,0-0.99
Occupied Palestinian Territory,Palestine,275,PSE,Middle East and North Africa,6020,PS,6312,0-0.99
Panama,Panama,591,PAN,Latin America and Caribbean,74340,PA,3864170,1-4.99
PanamÅÊ‰ÛÓåç,Panama,591,PAN,Latin America and Caribbean,74340,PA,3864170,1-4.99
Papua New Guinea,Papua New Guinea,598,PNG,East Asia and the Pacific,452860,PG,7321262,5-9.99
Paraguay,Paraguay,600,PRY,Latin America and Caribbean,397300,PY,6802295,5-9.99
Peru,Peru,604,PER,Latin America and Caribbean,1280000,PE,30375603,10-35.99
Philippines,Philippines,608,PHL,East Asia and the Pacific,298170,PH,98393574,35+
Pitcairn,Pitcairn,612,PCN,East Asia and the Pacific,5,PN,2302,0-0.99
Poland,Poland,616,POL,Europe,306220,PL,38514479,35+
Portugal,Portugal,620,PRT,Europe,91590,PT,10457295,10-35.99
Puerto Rico,Puerto Rico,630,PRI,North America,8870,PR,3615086,1-4.99
Puerto Rico of the United States,Puerto Rico,630,PRI,North America,8870,PR,3615086,1-4.99
Qatar,Qatar,634,QAT,Middle East and North Africa,11610,QA,2168673,1-4.99
Reunion,Reunion,638,REU,Sub-Saharan Africa,2513,RE,48,0-0.99
Runion,Reunion,638,REU,Sub-Saharan Africa,2513,RE,48,0-0.99
Romania,Romania,642,ROU,Europe,230020,RO,19981358,10-35.99
Russia,Russia,643,RUS,Eastern Europe and Central Asia,16376870,RU,143499861,35+
Russian Federation,Russia,643,RUS,Eastern Europe and Central Asia,16376870,RU,143499861,35+
Rwanda,Rwanda,646,RWA,Sub-Saharan Africa,24670,RW,11776522,10-35.99
Saint Helena,Saint Helena,654,SHN,Sub-Saharan Africa,308,SH,76425,0-0.99
Saint Kitts and Nevis,Saint Kitts and Nevis,659,KNA,Latin America and Caribbean,260,KN,54191,0-0.99
St. Kitts and Nevis,Saint Kitts and Nevis,659,KNA,Latin America and Caribbean,260,KN,54191,0-0.99
St Kitts and Nevis,Saint Kitts and Nevis,659,KNA,Latin America and Caribbean,260,KN,54191,0-0.99
Saint Kitts & Nevis,Saint Kitts and Nevis,659,KNA,Latin America and Caribbean,260,KN,54191,0-0.99
Saint Lucia,Saint Lucia,662,LCA,Latin America and Caribbean,610,LC,182273,0-0.99
St. Lucia,Saint Lucia,662,LCA,Latin America and Caribbean,610,LC,182273,0-0.99
St Lucia,Saint Lucia,662,LCA,Latin America and Caribbean,610,LC,182273,0-0.99
Saint Martin,Saint Martin,663,MAF,Latin America and Caribbean,54.4,MF,31264,0-0.99
St. Martin (French part),Saint Martin,663,MAF,Latin America and Caribbean,54.4,MF,31264,0-0.99
St Martin (French part),Saint Martin,663,MAF,Latin America and Caribbean,54.4,MF,31264,0-0.99
Saint-Martin (French part),Saint Martin,663,MAF,Latin America and Caribbean,54.4,MF,31264,0-0.99
Saint-Martin,Saint Martin,663,MAF,Latin America and Caribbean,54.4,MF,31264,0-0.99
Saint Martin,Saint Martin,663,MAF,Latin America and Caribbean,54.4,MF,31264,0-0.99
Saint Pierre and Miquelon,Saint Pierre and Miquelon,666,SPM,North America,242,PM,5265,0-0.99
Saint Vincent and the Grenadines,Saint Vincent and the Grenadines,670,VCT,Latin America and Caribbean,390,VC,109373,0-0.99
St. Vincent and the Grenadines,Saint Vincent and the Grenadines,670,VCT,Latin America and Caribbean,390,VC,109373,0-0.99
St Vincent and the Grenadines,Saint Vincent and the Grenadines,670,VCT,Latin America and Caribbean,390,VC,109373,0-0.99
Saint Vincent & Grenadines,Saint Vincent and the Grenadines,670,VCT,Latin America and Caribbean,390,VC,109373,0-0.99
Saint Vincent,Saint Vincent and the Grenadines,670,VCT,Latin America and Caribbean,390,VC,109373,0-0.99
Saint Vincent/Grenadines,Saint Vincent and the Grenadines,670,VCT,Latin America and Caribbean,390,VC,109373,0-0.99
St. Vincent and Grenadine,Saint Vincent and the Grenadines,670,VCT,Latin America and Caribbean,390,VC,109373,0-0.99
Samoa,Samoa,882,WSM,East Asia and the Pacific,2830,WS,190372,0-0.99
Western Samoa,Samoa,882,WSM,East Asia and the Pacific,2830,WS,190372,0-0.99
San Marino,San Marino,674,SMR,Europe,60,SM,31448,0-0.99
Sao Tome and Principe,Sao Tome and Principe,678,STP,Sub-Saharan Africa,960,ST,192993,0-0.99
Sao Tome & Principe,Sao Tome and Principe,678,STP,Sub-Saharan Africa,960,ST,192993,0-0.99
Saudi Arabia,Saudi Arabia,682,SAU,Middle East and North Africa,2149690,SA,28828870,10-35.99
Senegal,Senegal,686,SEN,Sub-Saharan Africa,192530,SN,14133280,10-35.99
Serbia,Serbia,688,SRB,Eastern Europe and Central Asia,87460,RS,7164132,5-9.99
Former Serbia and Montenegro,Serbia,688,SRB,Eastern Europe and Central Asia,87460,RS,7164132,5-9.99
Seychelles,Seychelles,690,SYC,Sub-Saharan Africa,460,SC,89173,0-0.99
Sierra Leone,Sierra Leone,694,SLE,Sub-Saharan Africa,72180,SL,6092075,5-9.99
Singapore,Singapore,702,SGP,East Asia and the Pacific,700,SG,5399200,5-9.99
Slovakia,Slovakia,703,SVK,Europe,48088,SK,5413393,5-9.99
Slovak Republic,Slovakia,703,SVK,Europe,48088,SK,5413393,5-9.99
Slovenia,Slovenia,705,SVN,Europe,20140,SI,2059953,1-4.99
Solomon Islands,Solomon Islands,90,SLB,East Asia and the Pacific,27990,SB,561231,0-0.99
Somalia,Somalia,706,SOM,Sub-Saharan Africa,627340,SO,10495583,10-35.99
South Africa,South Africa,710,ZAF,Sub-Saharan Africa,1213090,ZA,53157490,35+
South Korea,South Korea,410,KOR,East Asia and the Pacific,97350,KR,50219669,35+
"Korea, Rep.",South Korea,410,KOR,East Asia and the Pacific,97350,KR,50219669,35+
Republic of Korea,South Korea,410,KOR,East Asia and the Pacific,97350,KR,50219669,35+
Korea,South Korea,410,KOR,East Asia and the Pacific,97350,KR,50219669,35+
"Korea, Rep",South Korea,410,KOR,East Asia and the Pacific,97350,KR,50219669,35+
"Korea, Rep (South)",South Korea,410,KOR,East Asia and the Pacific,97350,KR,50219669,35+
"Korea, Republic of",South Korea,410,KOR,East Asia and the Pacific,97350,KR,50219669,35+
"Korea, Republic",South Korea,410,KOR,East Asia and the Pacific,97350,KR,50219669,35+
Korea; Republic of,South Korea,410,KOR,East Asia and the Pacific,97350,KR,50219669,35+
"Korea, South",South Korea,410,KOR,East Asia and the Pacific,97350,KR,50219669,35+
Korea; Republic (S. Korea),South Korea,410,KOR,East Asia and the Pacific,97350,KR,50219669,35+
South Sudan,South Sudan,728,SSD,Middle East and North Africa,644330,SS,76425,0-0.99
Republic of South Sudan,South Sudan,728,SSD,Middle East and North Africa,644330,SS,76425,0-0.99
Spain,Spain,724,ESP,Europe,498800,ES,46617825,35+
Sri Lanka,Sri Lanka,144,LKA,South Asia,62710,LK,20483000,10-35.99
Srilanka,Sri Lanka,144,LKA,South Asia,62710,LK,20483000,10-35.99
Sudan,Sudan,736,SDN,Middle East and North Africa,2376000,SD,37964306,35+
Sudan (former),Sudan,736,SDN,Middle East and North Africa,2376000,SD,37964306,35+
Sudan and South Sudan,Sudan,736,SDN,Middle East and North Africa,2376000,SD,37964306,35+
Suriname,Suriname,740,SUR,Latin America and Caribbean,156000,SR,539276,0-0.99
Svalbard and Jan Mayen Islands,Svalbard and Jan Mayen Islands,744,SJM,Europe,62422,SJ,3761646,1-4.99
Svalbard,Svalbard and Jan Mayen Islands,744,SJM,Europe,62422,SJ,3761646,1-4.99
Svalbard and Jan Mayen,Svalbard and Jan Mayen Islands,744,SJM,Europe,62422,SJ,3761646,1-4.99
Swaziland,Swaziland,748,SWZ,Sub-Saharan Africa,17200,SZ,1249514,1-4.99
Sweden,Sweden,752,SWE,Europe,407340,SE,9600379,5-9.99
sweden,Sweden,752,SWE,Europe,407340,SE,9600379,5-9.99
Switzerland,Switzerland,756,CHE,Europe,39516,CH,8087875,5-9.99
switzerland,Switzerland,756,CHE,Europe,39516,CH,8087875,5-9.99
Syria,Syria,760,SYR,Middle East and North Africa,183630,SY,22845550,10-35.99
Syrian Arab Republic,Syria,760,SYR,Middle East and North Africa,183630,SY,22845550,10-35.99
Syrian Arab Republic,Syria,760,SYR,Middle East and North Africa,183630,SY,22845550,10-35.99
Taiwan,Taiwan,999,TWN,East Asia and the Pacific,36193,TW,3431,0-0.99
"China, Taiwan Province of",Taiwan,999,TWN,East Asia and the Pacific,36193,TW,3431,0-0.99
Chinese Taipei,Taiwan,999,TWN,East Asia and the Pacific,36193,TW,3431,0-0.99
Taiwan Province of China,Taiwan,999,TWN,East Asia and the Pacific,36193,TW,3431,0-0.99
Tajikistan,Tajikistan,762,TJK,Eastern Europe and Central Asia,139960,TJ,8207834,5-9.99
Tanzania,Tanzania,834,TZA,Sub-Saharan Africa,885800,TZ,49253126,35+
United Republic of Tanzania,Tanzania,834,TZA,Sub-Saharan Africa,885800,TZ,49253126,35+
United Rep of Tanzania,Tanzania,834,TZA,Sub-Saharan Africa,885800,TZ,49253126,35+
United Rep. of Tanzania,Tanzania,834,TZA,Sub-Saharan Africa,885800,TZ,49253126,35+
Thailand,Thailand,764,THA,East Asia and the Pacific,510890,TH,67010502,35+
The Bahamas,The Bahamas,44,BHS,Latin America and Caribbean,10010,BS,377374,0-0.99
"Bahamas, The",The Bahamas,44,BHS,Latin America and Caribbean,10010,BS,377374,0-0.99
Bahamas,The Bahamas,44,BHS,Latin America and Caribbean,10010,BS,377374,0-0.99
Bahamas; The,The Bahamas,44,BHS,Latin America and Caribbean,10010,BS,377374,0-0.99
The Gambia,The Gambia,270,GMB,Sub-Saharan Africa,10120,GM,1849285,1-4.99
"Gambia, The",The Gambia,270,GMB,Sub-Saharan Africa,10120,GM,1849285,1-4.99
Gambia,The Gambia,270,GMB,Sub-Saharan Africa,10120,GM,1849285,1-4.99
Timor-Leste,Timor-Leste,626,TLS,East Asia and the Pacific,14870,TL,1180069,1-4.99
East Timor,Timor-Leste,626,TLS,East Asia and the Pacific,14870,TL,1180069,1-4.99
Timor-Leste (East Timor),Timor-Leste,626,TLS,East Asia and the Pacific,14870,TL,1180069,1-4.99
Togo,Togo,768,TGO,Sub-Saharan Africa,54390,TG,6816982,5-9.99
Tokelau,Tokelau,772,TKL,East Asia and the Pacific,12,TK,1383,0-0.99
Tonga,Tonga,776,TON,East Asia and the Pacific,720,TO,105323,0-0.99
Trinidad and Tobago,Trinidad and Tobago,780,TTO,Latin America and Caribbean,5130,TT,1341151,1-4.99
Trinidad & Tobago,Trinidad and Tobago,780,TTO,Latin America and Caribbean,5130,TT,1341151,1-4.99
Tunisia,Tunisia,788,TUN,Middle East and North Africa,155360,TN,10886500,10-35.99
Turkey,Turkey,792,TUR,Eastern Europe and Central Asia,769630,TR,74932641,35+
Turkmenistan,Turkmenistan,795,TKM,Eastern Europe and Central Asia,469930,TM,5240072,5-9.99
Turks and Caicos Islands,Turks and Caicos Islands,796,TCA,Latin America and Caribbean,950,TC,33098,0-0.99
Turks and Caicas Islands,Turks and Caicos Islands,796,TCA,Latin America and Caribbean,950,TC,33098,0-0.99
Tuvalu,Tuvalu,798,TUV,East Asia and the Pacific,30,TV,9876,0-0.99
Uganda,Uganda,800,UGA,Sub-Saharan Africa,199810,UG,37578876,35+
Ukraine,Ukraine,804,UKR,Eastern Europe and Central Asia,579320,UA,45489600,35+
United Arab Emirates,United Arab Emirates,784,ARE,Middle East and North Africa,83600,AE,9346129,5-9.99
UAE,United Arab Emirates,784,ARE,Middle East and North Africa,83600,AE,9346129,5-9.99
United Kingdom,United Kingdom,826,GBR,Europe,241930,GB,64106779,35+
United Kingdom of Great Britain and Northern Ireland,United Kingdom,826,GBR,Europe,241930,GB,64106779,35+
uK,United Kingdom,826,GBR,Europe,241930,GB,64106779,35+
UK,United Kingdom,826,GBR,Europe,241930,GB,64106779,35+
Wales,United Kingdom,826,GBR,Europe,241930,GB,64106779,35+
United States Virgin Islands,United States Virgin Islands,850,VIR,Latin America and Caribbean,350,VI,104737,0-0.99
Virgin Islands (U.S.),United States Virgin Islands,850,VIR,Latin America and Caribbean,350,VI,104737,0-0.99
Virgin Islands (US),United States Virgin Islands,850,VIR,Latin America and Caribbean,350,VI,104737,0-0.99
US Virgin Islands,United States Virgin Islands,850,VIR,Latin America and Caribbean,350,VI,104737,0-0.99
Virgin Islands; U.S.,United States Virgin Islands,850,VIR,Latin America and Caribbean,350,VI,104737,0-0.99
"Virgin Islands, U.S.",United States Virgin Islands,850,VIR,Latin America and Caribbean,350,VI,104737,0-0.99
United States of America,United States of America,840,USA,North America,9147420,US,316128839,35+
United States,United States of America,840,USA,North America,9147420,US,316128839,35+
us,United States of America,840,USA,North America,9147420,US,316128839,35+
USA,United States of America,840,USA,North America,9147420,US,316128839,35+
Uruguay,Uruguay,858,URY,Latin America and Caribbean,175020,UY,3407062,1-4.99
Uzbekistan,Uzbekistan,860,UZB,Eastern Europe and Central Asia,425400,UZ,30243200,10-35.99
Vanuatu,Vanuatu,548,VUT,East Asia and the Pacific,12190,VU,252763,0-0.99
Venezuela,Venezuela,862,VEN,Latin America and Caribbean,882050,VE,30405207,10-35.99
"Venezuela, RB",Venezuela,862,VEN,Latin America and Caribbean,882050,VE,30405207,10-35.99
Venezuela (Bolivarian Republic of),Venezuela,862,VEN,Latin America and Caribbean,882050,VE,30405207,10-35.99
Viet Nam,Viet Nam,704,VNM,East Asia and the Pacific,310070,VN,89708900,35+
Vietnam,Viet Nam,704,VNM,East Asia and the Pacific,310070,VN,89708900,35+
Wallis and Futuna,Wallis and Futuna,876,WLF,East Asia and the Pacific,142,WF,1205,0-0.99
Wallis and Futuna Islands,Wallis and Futuna,876,WLF,East Asia and the Pacific,142,WF,1205,0-0.99
Yemen,Yemen,887,YEM,Middle East and North Africa,527970,YE,24407381,10-35.99
"Yemen, Rep.",Yemen,887,YEM,Middle East and North Africa,527970,YE,24407381,10-35.99
"Yemen, Rep",Yemen,887,YEM,Middle East and North Africa,527970,YE,24407381,10-35.99
Zambia,Zambia,894,ZMB,Sub-Saharan Africa,743390,ZM,14538640,10-35.99
Zimbabwe,Zimbabwe,716,ZWE,Sub-Saharan Africa,386850,ZW,14149648,10-35.99
Venezuela Bolivarian Republic of,Venezuela,862,VEN,Latin America and Caribbean,882050,VE,30405207,10-35.99
Hong Kong China,Hong Kong,344,HKG,East Asia and the Pacific,1050,HK,7187500,5-9.99
CÌ«te d Ivoire,Cote d'Ivoire,384,CIV,Sub-Saharan Africa,318000,CI,20316086,10-35.99
Iran Islamic Republic of,Iran,364,IRN,Middle East and North Africa,1628550,IR,77447168,35+
"Korea, Dem. Rep. (North)",North Korea,408,PRK,East Asia and the Pacific,120410,KP,24895480,10-35.99
"Korea, Rep. (South)",South Korea,410,KOR,East Asia and the Pacific,97350,KR,50219669,35+
Jersey,Jersey,,JEY,Middle East and North Africa,,"",,""
Guernsey,Guernsey,,GGY,Europe,,"",,""
Britain,United Kingdom,826,GBR,Europe,241930,GB,64106779,35+
U.A.E,United Arab Emirates,784,ARE,Middle East and North Africa,83600,AE,9346129,5-9.99
C√¥te d'Ivoire,Cote d'Ivoire,384,CIV,Sub-Saharan Africa,318000,CI,20316086,10-35.99
Scotland,United Kingdom,826,GBR,Europe,241930,GB,64106779,35+
Czechia,Czech Republic,203,CZE,Europe,77230,CZ,10514272,10-35.99
"Palestine, State of",Palestine,275,PSE,Middle East and North Africa,6020,PS,6312,0-0.99
"Macedonia, The Former Yugoslav Republic Of",Macedonia,807,MKD,Eastern Europe and Central Asia,25220,MK,2107158,1-4.99
"Macedonia, Bosnia-herzegovina",Bosnia and Herzegovina,70,BIH,Eastern Europe and Central Asia,51000,BA,3829307,1-4.99
"Moldova, Republic Of",Moldova,498,MDA,Eastern Europe and Central Asia,32860,MD,3558566,1-4.99
Gibraltar,Gibraltar,292,GIB,Europe,6,GI,321167,0-0.99
"Korea, Dem. People‚Äôs Rep.",North Korea,408,PRK,East Asia and the Pacific,120410,KP,24895480,10-35.99
Taiwan ROC,Taiwan,999,TWN,East Asia and the Pacific,36193,TW,3431,0-0.99
C√¥te d‚ÄôIvoire,Cote d'Ivoire,384,CIV,Sub-Saharan Africa,318000,CI,20316086,10-35.99
"Netherlands, The",Netherlands,528,NLD,Europe,33720,NL,16804432,10-35.99
